<?xml version="1.0" encoding="UTF-8"?>
<!DOCTYPE suite SYSTEM "http://testng.org/testng-1.0.dtd">
<suite name="Leaftaps Tests">
<parameter name="url" value="http://leaftaps.com/opentaps/"></parameter>
  <test name="Test - chrome">
  <parameter name="browserName" value="chrome"></parameter>
    <classes>
      <class name="testcase.CreateLead"/>
    </classes>
  </test> <!-- Test -->
  <test name="Test - fireFox">
  <parameter name="browserName" value="fireFox"></parameter>
    <classes>
      <class name="testcase.CreateLead"/>
    </classes>
  </test> <!-- Test -->  
  <test name="Test - edge">
  <parameter name="browserName" value="edge"></parameter>
    <classes>
      <class name="testcase.CreateLead"/>
    </classes>
  </test> <!-- Test -->
</suite> <!-- Suite -->
